,total_ratings,total_ratings,avg_rating,avg_rating,std_rating,std_rating,year_of_release,year_of_release
,mean,median,mean,median,mean,median,mean,median
cluster,,,,,,,,
0,89.60635696821515,1.0,3.0474607271724365,3.0,1.0898373418857572,1.0586396054823355,1958.0087260034904,1961.0
1,18.027086507533436,1.0,4.093875896544228,4.0,0.45551597839784636,0.7071067811865476,1996.5987951807228,1999.0
2,201.79728966685488,2.0,3.048446216058708,3.0,1.7736286871893727,1.5275252316519468,1995.170895522388,1999.0
3,99310.46666666666,90451.0,3.7592846487702936,3.835566724329193,0.9795820034094216,0.9622453913406221,1996.0,1999.0
4,25232.881355932204,21199.0,3.55339788133555,3.515663494102254,1.0212768241376031,0.9964544241026827,1992.1186440677966,1997.0
5,2.546104536489152,1.0,1.483898083655891,1.5,0.5446576563556078,0.7071067811865476,1995.5754946199236,1999.0
