,total_ratings,avg_rating,std_rating,year_of_release
count,15215.0,15215.0,6847.0,11504.0
mean,260.04416694051923,2.9998512158938007,1.2579234787413822,1990.219749652295
std,3696.938525195123,1.3122965789281618,0.7886348162141805,16.33350816283556
min,1.0,0.0,0.0,1896.0
25%,1.0,2.0,0.7071067811865476,1985.0
50%,1.0,3.0,1.2216989953222461,1997.0
75%,2.0,4.0,1.7320508075688772,2002.0
max,173598.0,6.0,4.242640687119285,2005.0
