,Model,Silhouette (sample)
0,KMeans,0.33503285458222715
1,DBSCAN,0.20481610801549124
2,BIRCH,0.4867
