,total_ratings,avg_rating,std_rating,unique_movies,activity_days
count,416841.0,416841.0,332528.0,416841.0,416841.0
mean,9.287267807149489,3.632194815868065,0.8976237179922619,9.234880925820637,275.43724585633373
std,14.298645633499232,0.8124566456591195,0.4573941619875821,13.40654632284109,389.07285668617493
min,1.0,0.0,0.0,1.0,0.0
25%,2.0,3.185185185185185,0.6454972243679027,2.0,0.0
50%,4.0,3.6875,0.8677594571571442,4.0,102.0
75%,11.0,4.0,1.1547005383792515,11.0,408.0
max,764.0,6.0,3.5355339059327378,764.0,3941.0
